
mysql> create table employees(emp_id int primary key, emp_name varchar(25), emp_salary double, Joinyear int not null);
Query OK, 0 rows affected (0.02 sec)

mysql> insert into employees values(1,'Shriyansh', 180000, 2022),(2,'Ravi',40000,2023),(3,'Vedansh',30000, 2022),(4,'Ritesh',30000, 2024);
Query OK, 4 rows affected (0.01 sec)
Records: 4  Duplicates: 0  Warnings: 0


mysql> desc employees;
+------------+-------------+------+-----+---------+-------+
| Field      | Type        | Null | Key | Default | Extra |
+------------+-------------+------+-----+---------+-------+
| emp_id     | int         | NO   | PRI | NULL    |       |
| emp_name   | varchar(25) | YES  |     | NULL    |       |
| emp_salary | double      | YES  |     | NULL    |       |
| Joinyear   | int         | NO   |     | NULL    |       |
+------------+-------------+------+-----+---------+-------+
4 rows in set (0.00 sec)

mysql> select * from employees;
+--------+-----------+------------+----------+
| emp_id | emp_name  | emp_salary | Joinyear |
+--------+-----------+------------+----------+
|      1 | Shriyansh |     180000 |     2022 |
|      2 | Ravi      |      40000 |     2023 |
|      3 | Vedansh   |      30000 |     2022 |
|      4 | Ritesh    |      30000 |     2024 |
+--------+-----------+------------+----------+
4 rows in set (0.00 sec)

--- update employee --------


mysql> update employees set emp_salary = (emp_salary + emp_salary * 0.1);
Query OK, 4 rows affected (0.01 sec)
Rows matched: 4  Changed: 4  Warnings: 0

mysql> select * from employees;
+--------+-----------+------------+----------+
| emp_id | emp_name  | emp_salary | Joinyear |
+--------+-----------+------------+----------+
|      1 | Shriyansh |     198000 |     2022 |
|      2 | Ravi      |      44000 |     2023 |
|      3 | Vedansh   |      33000 |     2022 |
|      4 | Ritesh    |      33000 |     2024 |
+--------+-----------+------------+----------+
4 rows in set (0.00 sec)

---- delete employee -------

mysql> delete from employees where emp_name = 'Shriyansh';
Query OK, 1 row affected (0.00 sec)

mysql> select * from employees;
+--------+----------+------------+----------+
| emp_id | emp_name | emp_salary | Joinyear |
+--------+----------+------------+----------+
|      2 | Ravi     |      44000 |     2023 |
|      3 | Vedansh  |      33000 |     2022 |
|      4 | Ritesh   |      33000 |     2024 |
+--------+----------+------------+----------+
3 rows in set (0.00 sec)

----- search employee --------

mysql> select * from employees where emp_name = "Vedansh";
+--------+----------+------------+----------+
| emp_id | emp_name | emp_salary | Joinyear |
+--------+----------+------------+----------+
|      3 | Vedansh  |      33000 |     2022 |
+--------+----------+------------+----------+
1 row in set (0.00 sec)